usageKey,scientificName,canonicalName,rank,status,confidence,matchType,kingdom,phylum,order,family,genus,species,kingdomKey,phylumKey,classKey,orderKey,familyKey,genusKey,speciesKey,class,group,acceptedUsageKey,synonym,note
2663815.0,Ahnfeltia plicata (Huds.) Fr.,Ahnfeltia plicata,SPECIES,ACCEPTED,99,EXACT,Plantae,Rhodophyta,Ahnfeltiales,Ahnfeltiaceae,Ahnfeltia,Ahnfeltia plicata,6.0,106.0,342.0,662.0,8965.0,2663808.0,2663815.0,Florideophyceae,Ahnfeltia plicata,,,
5422592.0,Alaria esculenta (L.) Grev.,Alaria esculenta,SPECIES,ACCEPTED,99,EXACT,Chromista,Ochrophyta,Laminariales,Alariaceae,Alaria,Alaria esculenta,4.0,98.0,7073593.0,560.0,7734.0,3196122.0,5422592.0,Phaeophyceae,Alaria esculenta,,,
6539336.0,"Alaria pylaiei (Bory) Greville, 1830",Alaria pylaiei,SPECIES,ACCEPTED,99,EXACT,Chromista,Ochrophyta,Laminariales,Alariaceae,Alaria,Alaria pylaiei,4.0,98.0,7073593.0,560.0,7734.0,3196122.0,6539336.0,Phaeophyceae,Alaria pylaiei,,,
7699695.0,"Alsidium helminthochorton (Schwendimann) Kütz., 1843",Alsidium helminthochorton,SPECIES,ACCEPTED,99,EXACT,Plantae,Rhodophyta,Ceramiales,Rhodomelaceae,Alsidium,Alsidium helminthochorton,6.0,106.0,342.0,665.0,4895.0,2660343.0,7699695.0,Florideophyceae,Alsidium helminthochorton,,,
7690242.0,Aphanizomenon flos-aquae (L.) Ralfs,Aphanizomenon flos-aquae,SPECIES,SYNONYM,98,EXACT,Bacteria,Cyanobacteria,Cyanobacteriales,Aphanizomenonaceae,Aphanizomenon,Aphanizomenon flosaquae,3.0,68.0,10774316.0,10793096.0,8324212.0,3219149.0,3219153.0,Cyanobacteriia,Aphanizomenon flos-aquae,3219153.0,,
3218398.0,"Arthrospira fusiformis (Voronichin) Komárek & J.W.G.Lund, 1990",Arthrospira fusiformis,SPECIES,SYNONYM,98,EXACT,Bacteria,Cyanobacteria,Cyanobacteriales,Microcoleaceae,Limnospira,Limnospira fusiformis,3.0,68.0,10774316.0,10793096.0,7941427.0,10589433.0,10749950.0,Cyanobacteriia,Arthrospira fusiformis,10749950.0,,
8534034.0,Arthrospira major (Kütz. ex Gomont) W.B.Crow,Arthrospira major,SPECIES,SYNONYM,98,EXACT,Bacteria,Cyanobacteria,Cyanobacteriales,Spirulinaceae,Spirulina,Spirulina major,3.0,68.0,10774316.0,10793096.0,3237676.0,8996763.0,5716008.0,Cyanobacteriia,Arthrospira major,5716008.0,,
3218096.0,"Arthrospira maxima Setchell & N.L.Gardner, 1917",Arthrospira maxima,SPECIES,ACCEPTED,99,EXACT,Bacteria,Cyanobacteria,Cyanobacteriales,Microcoleaceae,Arthrospira,Arthrospira maxima,3.0,68.0,10774316.0,10793096.0,7941427.0,3218397.0,3218096.0,Cyanobacteriia,Arthrospira maxima,,,
3218108.0,Arthrospira platensis Gomont,Arthrospira platensis,SPECIES,ACCEPTED,99,EXACT,Bacteria,Cyanobacteria,Cyanobacteriales,Microcoleaceae,Arthrospira,Arthrospira platensis,3.0,68.0,10774316.0,10793096.0,7941427.0,3218397.0,3218108.0,Cyanobacteriia,Arthrospira platensis,,,
3196524.0,Ascophyllum nodosum (L.) Le Jol.,Ascophyllum nodosum,SPECIES,ACCEPTED,98,EXACT,Chromista,Ochrophyta,Fucales,Fucaceae,Ascophyllum,Ascophyllum nodosum,4.0,98.0,7073593.0,1182.0,9641.0,3196523.0,3196524.0,Phaeophyceae,Ascophyllum nodosum,,,
5279834.0,Asparagopsis taxiformis (Delile) Trevis.,Asparagopsis taxiformis,SPECIES,ACCEPTED,99,EXACT,Plantae,Rhodophyta,Bonnemaisoniales,Bonnemaisoniaceae,Asparagopsis,Asparagopsis taxiformis,6.0,106.0,342.0,664.0,4891.0,2668852.0,5279834.0,Florideophyceae,Asparagopsis taxiformis,,,
3199064.0,Asperococcus fistulosus (Huds.) Hook.,Asperococcus fistulosus,SPECIES,ACCEPTED,99,EXACT,Chromista,Ochrophyta,Ectocarpales,Chordariaceae,Asperococcus,Asperococcus fistulosus,4.0,98.0,7073593.0,1181.0,7727.0,8032107.0,3199064.0,Phaeophyceae,Asperococcus fistulosus,,,
2638448.0,Auxenochlorella protothecoides (W.Krüger) Kalina & Punčoch.,Auxenochlorella protothecoides,SPECIES,ACCEPTED,99,EXACT,Plantae,Chlorophyta,Chlorellales,Chlorellaceae,Auxenochlorella,Auxenochlorella protothecoides,6.0,36.0,332.0,1359.0,4852.0,2638447.0,2638448.0,Trebouxiophyceae,Auxenochlorella protothecoides,,,
9421491.0,Auxenochlorella pyrenoidosa (H.Chick) Molinari & Calvo-Pérez,Auxenochlorella pyrenoidosa,SPECIES,ACCEPTED,99,EXACT,Plantae,Chlorophyta,Chlorellales,Chlorellaceae,Auxenochlorella,Auxenochlorella pyrenoidosa,6.0,36.0,332.0,1359.0,4852.0,2638447.0,9421491.0,Trebouxiophyceae,Auxenochlorella pyrenoidosa,,,
3197821.0,Bifurcaria bifurcata R.Ross,Bifurcaria bifurcata,SPECIES,ACCEPTED,99,EXACT,Chromista,Ochrophyta,Fucales,Sargassaceae,Bifurcaria,Bifurcaria bifurcata,4.0,98.0,7073593.0,1182.0,7733.0,3197820.0,3197821.0,Phaeophyceae,Bifurcaria bifurcata,,,
2668875.0,Bonnemaisonia asparagoides (Woodward) C.Agardh,Bonnemaisonia asparagoides,SPECIES,ACCEPTED,99,EXACT,Plantae,Rhodophyta,Bonnemaisoniales,Bonnemaisoniaceae,Bonnemaisonia,Bonnemaisonia asparagoides,6.0,106.0,342.0,664.0,4891.0,2668873.0,2668875.0,Florideophyceae,Bonnemaisonia asparagoides,,,
5272029.0,Bryopsis plumosa (Huds.) C.Agardh,Bryopsis plumosa,SPECIES,ACCEPTED,99,EXACT,Plantae,Chlorophyta,Bryopsidales,Bryopsidaceae,Bryopsis,Bryopsis plumosa,6.0,36.0,195.0,625.0,8774.0,2642534.0,5272029.0,Ulvophyceae,Bryopsis plumosa,,,
2667664.0,Calliblepharis jubata,Calliblepharis jubata,SPECIES,ACCEPTED,98,EXACT,Plantae,Rhodophyta,Gigartinales,Cystocloniaceae,Calliblepharis,Calliblepharis jubata,6.0,106.0,342.0,1400.0,4932.0,2667661.0,2667664.0,Florideophyceae,Calliblepharis jubata,,,
5279220.0,Catenella caespitosa (With.) L.M.Irvine,Catenella caespitosa,SPECIES,ACCEPTED,99,EXACT,Plantae,Rhodophyta,Gigartinales,Caulacanthaceae,Catenella,Catenella caespitosa,6.0,106.0,342.0,1400.0,4927.0,2666512.0,5279220.0,Florideophyceae,Catenella caespitosa,,,
2642878.0,Caulerpa lentillifera J.Ag.,Caulerpa lentillifera,SPECIES,ACCEPTED,99,EXACT,Plantae,Chlorophyta,Bryopsidales,Caulerpaceae,Caulerpa,Caulerpa lentillifera,6.0,36.0,195.0,625.0,4674.0,2642861.0,2642878.0,Ulvophyceae,Caulerpa lentillifera,,,
2643172.0,Caulerpa taxifolia (M.Vahl) C.Agardh,Caulerpa taxifolia,SPECIES,ACCEPTED,99,EXACT,Plantae,Chlorophyta,Bryopsidales,Caulerpaceae,Caulerpa,Caulerpa taxifolia,6.0,36.0,195.0,625.0,4674.0,2642861.0,2643172.0,Ulvophyceae,Caulerpa taxifolia,,,
5277182.0,Ceramium tenuicorne (Kützing) Waern,Ceramium tenuicorne,SPECIES,ACCEPTED,99,EXACT,Plantae,Rhodophyta,Ceramiales,Ceramiaceae,Ceramium,Ceramium tenuicorne,6.0,106.0,342.0,665.0,8968.0,10480745.0,5277182.0,Florideophyceae,Ceramium tenuicorne,,,
4275388.0,Chaetoceros muelleri Lemmermann,Chaetoceros muelleri,SPECIES,ACCEPTED,98,EXACT,Chromista,Ochrophyta,Chaetocerotales,Chaetocerotaceae,Chaetoceros,Chaetoceros muelleri,4.0,98.0,7947184.0,1096.0,7144.0,3192923.0,4275388.0,Bacillariophyceae,Chaetoceros muelleri,,,
2644592.0,Chaetomorpha linum (O.F.Müll.) Kütz.,Chaetomorpha linum,SPECIES,ACCEPTED,99,EXACT,Plantae,Chlorophyta,Cladophorales,Cladophoraceae,Chaetomorpha,Chaetomorpha linum,6.0,36.0,195.0,1362.0,4854.0,8343734.0,2644592.0,Ulvophyceae,Chaetomorpha linum,,,
5270956.0,"Chlorella sorokiniana Shihira & Krauss, 1965",Chlorella sorokiniana,SPECIES,ACCEPTED,99,EXACT,Plantae,Chlorophyta,Chlorellales,Chlorellaceae,Chlorella,Chlorella sorokiniana,6.0,36.0,332.0,1359.0,4852.0,2638467.0,5270956.0,Trebouxiophyceae,Chlorella sorokiniana,,,
5270961.0,Chlorella vulgaris Beij.,Chlorella vulgaris,SPECIES,ACCEPTED,98,EXACT,Plantae,Chlorophyta,Chlorellales,Chlorellaceae,Chlorella,Chlorella vulgaris,6.0,36.0,332.0,1359.0,4852.0,2638467.0,5270961.0,Trebouxiophyceae,Chlorella vulgaris,,,
5279140.0,Chondracanthus acicularis (Roth) Fredericq,Chondracanthus acicularis,SPECIES,ACCEPTED,99,EXACT,Plantae,Rhodophyta,Gigartinales,Gigartinaceae,Chondracanthus,Chondracanthus acicularis,6.0,106.0,342.0,1400.0,9003.0,2666045.0,5279140.0,Florideophyceae,Chondracanthus acicularis,,,
8037811.0,Chondracanthus teedei (Mertens ex Roth) Fredericq,Chondracanthus teedei,SPECIES,ACCEPTED,99,EXACT,Plantae,Rhodophyta,Gigartinales,Gigartinaceae,Chondracanthus,Chondracanthus teedei,6.0,106.0,342.0,1400.0,9003.0,2666045.0,8037811.0,Florideophyceae,Chondracanthus teedei,,,
5279115.0,Chondrus crispus Stackhouse,Chondrus crispus,SPECIES,ACCEPTED,99,EXACT,Plantae,Rhodophyta,Gigartinales,Gigartinaceae,Chondrus,Chondrus crispus,6.0,106.0,342.0,1400.0,9003.0,2665986.0,5279115.0,Florideophyceae,Chondrus crispus,,,
3195749.0,Chorda filum (L.) Stackh.,Chorda filum,SPECIES,ACCEPTED,99,EXACT,Chromista,Ochrophyta,Laminariales,Chordaceae,Chorda,Chorda filum,4.0,98.0,7073593.0,560.0,3762.0,3195747.0,3195749.0,Phaeophyceae,Chorda filum,,,
5422988.0,Chordaria flagelliformis (O.F.Müll.) C.Agardh,Chordaria flagelliformis,SPECIES,ACCEPTED,99,EXACT,Chromista,Ochrophyta,Ectocarpales,Chordariaceae,Chordaria,Chordaria flagelliformis,4.0,98.0,7073593.0,1181.0,7727.0,3198648.0,5422988.0,Phaeophyceae,Chordaria flagelliformis,,,
5272770.0,Cladophora glomerata (L.) Kütz.,Cladophora glomerata,SPECIES,ACCEPTED,98,EXACT,Plantae,Chlorophyta,Cladophorales,Cladophoraceae,Cladophora,Cladophora glomerata,6.0,36.0,195.0,1362.0,4854.0,2643712.0,5272770.0,Ulvophyceae,Cladophora glomerata,,,
5272898.0,Cladophora rupestris (L.) Kütz.,Cladophora rupestris,SPECIES,ACCEPTED,99,EXACT,Plantae,Chlorophyta,Cladophorales,Cladophoraceae,Cladophora,Cladophora rupestris,6.0,36.0,195.0,1362.0,4854.0,2643712.0,5272898.0,Ulvophyceae,Cladophora rupestris,,,
3198562.0,Cladosiphon okamuranus Tokida,Cladosiphon okamuranus,SPECIES,ACCEPTED,99,EXACT,Chromista,Ochrophyta,Ectocarpales,Chordariaceae,Cladosiphon,Cladosiphon okamuranus,4.0,98.0,7073593.0,1181.0,7727.0,3198544.0,3198562.0,Phaeophyceae,Cladosiphon okamuranus,,,
2667249.0,Coccotylus truncatus (Pallas) M.J.Wynne & J.N.Heine,Coccotylus truncatus,SPECIES,ACCEPTED,99,EXACT,Plantae,Rhodophyta,Gigartinales,Phyllophoraceae,Coccotylus,Coccotylus truncatus,6.0,106.0,342.0,1400.0,4941.0,2667248.0,2667249.0,Florideophyceae,Coccotylus truncatus,,,
5272096.0,Codium fragile (Suringar) Har.,Codium fragile,SPECIES,ACCEPTED,99,EXACT,Plantae,Chlorophyta,Bryopsidales,Codiaceae,Codium,Codium fragile,6.0,36.0,195.0,625.0,8776.0,2642664.0,5272096.0,Ulvophyceae,Codium fragile,,,
5272167.0,Codium tomentosum Stackh.,Codium tomentosum,SPECIES,ACCEPTED,99,EXACT,Plantae,Chlorophyta,Bryopsidales,Codiaceae,Codium,Codium tomentosum,6.0,36.0,195.0,625.0,8776.0,2642664.0,5272167.0,Ulvophyceae,Codium tomentosum,,,
3197970.0,Colpomenia peregrina Sauv.,Colpomenia peregrina,SPECIES,ACCEPTED,97,EXACT,Chromista,Ochrophyta,Scytosiphonales,Scytosiphonaceae,Colpomenia,Colpomenia peregrina,4.0,98.0,7073593.0,1309.0,8501.0,3197954.0,3197970.0,Phaeophyceae,Colpomenia peregrina,,,
5276013.0,Corallina officinalis L.,Corallina officinalis,SPECIES,ACCEPTED,99,EXACT,Plantae,Rhodophyta,Corallinales,Corallinaceae,Corallina,Corallina officinalis,6.0,106.0,342.0,670.0,4919.0,2654833.0,5276013.0,Florideophyceae,Corallina officinalis,,,
2668944.0,Cyanidium caldarium (J.Tilden) L.Geitler,Cyanidium caldarium,SPECIES,ACCEPTED,99,EXACT,Plantae,Rhodophyta,Cyanidiales,Cyanidiaceae,Cyanidium,Cyanidium caldarium,6.0,106.0,334.0,1367.0,5351.0,2668941.0,2668944.0,Cyanidiophyceae,Cyanidium caldarium,,,
2661972.0,Delesseria sanguinea (Hudson) J.V.Lamouroux,Delesseria sanguinea,SPECIES,ACCEPTED,99,EXACT,Plantae,Rhodophyta,Ceramiales,Delesseriaceae,Delesseria,Delesseria sanguinea,6.0,106.0,342.0,665.0,4894.0,2661948.0,2661972.0,Florideophyceae,Delesseria sanguinea,,,
5423614.0,Dictyopteris polypodioides (DC.) J.V.Lamour.,Dictyopteris polypodioides,SPECIES,ACCEPTED,99,EXACT,Chromista,Ochrophyta,Dictyotales,Dictyotaceae,Dictyopteris,Dictyopteris polypodioides,4.0,98.0,7073593.0,1180.0,7725.0,3200498.0,5423614.0,Phaeophyceae,Dictyopteris polypodioides,,,
7847644.0,Dictyosiphon foeniculaceus (Huds.) Grev.,Dictyosiphon foeniculaceus,SPECIES,ACCEPTED,99,EXACT,Chromista,Ochrophyta,Ectocarpales,Chordariaceae,Dictyosiphon,Dictyosiphon foeniculaceus,4.0,98.0,7073593.0,1181.0,7727.0,8116446.0,7847644.0,Phaeophyceae,Dictyosiphon foeniculaceus,,,
5423480.0,Dictyota dichotoma (Huds.) J.V.Lamour.,Dictyota dichotoma,SPECIES,ACCEPTED,99,EXACT,Chromista,Ochrophyta,Dictyotales,Dictyotaceae,Dictyota,Dictyota dichotoma,4.0,98.0,7073593.0,1180.0,7725.0,3200250.0,5423480.0,Phaeophyceae,Dictyota dichotoma,,,
2667034.0,Dilsea carnosa (Schmidel) Kuntze,Dilsea carnosa,SPECIES,ACCEPTED,99,EXACT,Plantae,Rhodophyta,Gigartinales,Dumontiaceae,Dilsea,Dilsea carnosa,6.0,106.0,342.0,1400.0,9001.0,2667031.0,2667034.0,Florideophyceae,Dilsea carnosa,,,
5279349.0,Dumontia contorta (S.G.Gmelin) Ruprecht,Dumontia contorta,SPECIES,ACCEPTED,99,EXACT,Plantae,Rhodophyta,Gigartinales,Dumontiaceae,Dumontia,Dumontia contorta,6.0,106.0,342.0,1400.0,9001.0,2667057.0,5279349.0,Florideophyceae,Dumontia contorta,,,
2687984.0,"Dunaliella salina (Dunal) Teodoresco, 1905",Dunaliella salina,SPECIES,ACCEPTED,99,EXACT,Plantae,Chlorophyta,Volvocales,Dunaliellaceae,Dunaliella,Dunaliella salina,6.0,36.0,329.0,632.0,8817.0,2687976.0,2687984.0,Chlorophyceae,Dunaliella salina,,,
3197450.0,Durvillaea antarctica (Cham.) Har.,Durvillaea antarctica,SPECIES,ACCEPTED,99,EXACT,Chromista,Ochrophyta,Fucales,Durvillaeaceae,Durvillaea,Durvillaea antarctica,4.0,98.0,7073593.0,1182.0,7730.0,3197446.0,3197450.0,Phaeophyceae,Durvillaea antarctica,,,
,,,,,100,NONE,,,,,,,,,,,,,,,Ecklonia cava,,False,
3199521.0,Ectocarpus siliculosus (Dillwyn) Lyngb.,Ectocarpus siliculosus,SPECIES,ACCEPTED,99,EXACT,Chromista,Ochrophyta,Ectocarpales,Ectocarpaceae,Ectocarpus,Ectocarpus siliculosus,4.0,98.0,7073593.0,1181.0,3756.0,3199447.0,3199521.0,Phaeophyceae,Ectocarpus siliculosus,,,
,,,,,100,NONE,,,,,,,,,,,,,,,Eisenia bicyclis,,False,
2661869.0,Erythroglossum laciniatum (Lightfoot) Maggs & Hommersand,Erythroglossum laciniatum,SPECIES,ACCEPTED,99,EXACT,Plantae,Rhodophyta,Ceramiales,Delesseriaceae,Erythroglossum,Erythroglossum laciniatum,6.0,106.0,342.0,665.0,4894.0,2661854.0,2661869.0,Florideophyceae,Erythroglossum laciniatum,,,
2668123.0,"Eucheuma denticulatum (N.L.Burman) F.S.Collins & Hervey, 1917",Eucheuma denticulatum,SPECIES,ACCEPTED,99,EXACT,Plantae,Rhodophyta,Gigartinales,Solieriaceae,Eucheuma,Eucheuma denticulatum,6.0,106.0,342.0,1400.0,3234991.0,2668102.0,2668123.0,Florideophyceae,Eucheuma denticulatum,,,
2668108.0,"Eucheuma horridum J.Agardh, 1852",Eucheuma horridum,SPECIES,ACCEPTED,99,EXACT,Plantae,Rhodophyta,Gigartinales,Solieriaceae,Eucheuma,Eucheuma horridum,6.0,106.0,342.0,1400.0,3234991.0,2668102.0,2668108.0,Florideophyceae,Eucheuma horridum,,,
7465722.0,Euglena gracilis G.A.Klebs,Euglena gracilis,SPECIES,ACCEPTED,99,EXACT,Protozoa,Euglenozoa,Euglenida,Euglenaceae,Euglena,Euglena gracilis,7.0,41.0,7391750.0,7885652.0,9158.0,7446037.0,7465722.0,Euglenoidea,Euglena gracilis,,,
3196291.0,Fucus ceranoides L.,Fucus ceranoides,SPECIES,ACCEPTED,97,EXACT,Chromista,Ochrophyta,Fucales,Fucaceae,Fucus,Fucus ceranoides,4.0,98.0,7073593.0,1182.0,9641.0,7832266.0,3196291.0,Phaeophyceae,Fucus ceranoides,,,
3196407.0,Fucus distichus subsp. evanescens (C.Agardh) H.T.Powell,Fucus distichus evanescens,SUBSPECIES,SYNONYM,98,EXACT,Chromista,Ochrophyta,Fucales,Fucaceae,Fucus,Fucus evanescens,4.0,98.0,7073593.0,1182.0,9641.0,7832266.0,3196387.0,Phaeophyceae,Fucus distichus subsp. evanescens,3196387.0,,
3196387.0,Fucus evanescens C.Agardh,Fucus evanescens,SPECIES,ACCEPTED,99,EXACT,Chromista,Ochrophyta,Fucales,Fucaceae,Fucus,Fucus evanescens,4.0,98.0,7073593.0,1182.0,9641.0,7832266.0,3196387.0,Phaeophyceae,Fucus evanescens,,,
3196437.0,Fucus serratus L.,Fucus serratus,SPECIES,ACCEPTED,99,EXACT,Chromista,Ochrophyta,Fucales,Fucaceae,Fucus,Fucus serratus,4.0,98.0,7073593.0,1182.0,9641.0,7832266.0,3196437.0,Phaeophyceae,Fucus serratus,,,
3196369.0,Fucus spiralis L.,Fucus spiralis,SPECIES,ACCEPTED,99,EXACT,Chromista,Ochrophyta,Fucales,Fucaceae,Fucus,Fucus spiralis,4.0,98.0,7073593.0,1182.0,9641.0,7832266.0,3196369.0,Phaeophyceae,Fucus spiralis,,,
8222574.0,Fucus vesiculosus L.,Fucus vesiculosus,SPECIES,ACCEPTED,99,EXACT,Chromista,Ochrophyta,Fucales,Fucaceae,Fucus,Fucus vesiculosus,4.0,98.0,7073593.0,1182.0,9641.0,7832266.0,8222574.0,Phaeophyceae,Fucus vesiculosus,,,
2666910.0,Furcellaria lumbricalis (Hudson) J.V.Lamouroux,Furcellaria lumbricalis,SPECIES,ACCEPTED,99,EXACT,Plantae,Rhodophyta,Gigartinales,Furcellariaceae,Furcellaria,Furcellaria lumbricalis,6.0,106.0,342.0,1400.0,4933.0,2666909.0,2666910.0,Florideophyceae,Furcellaria lumbricalis,,,
2663047.0,Gelidiella acerosa (Forssk.) Feldmann & G.Hamel,Gelidiella acerosa,SPECIES,ACCEPTED,99,EXACT,Plantae,Rhodophyta,Gelidiales,Gelidiellaceae,Gelidiella,Gelidiella acerosa,6.0,106.0,342.0,1398.0,8998.0,2663015.0,2663047.0,Florideophyceae,Gelidiella acerosa,,,
2662801.0,Gelidium amansii,Gelidium amansii,SPECIES,ACCEPTED,99,EXACT,Plantae,Rhodophyta,Gelidiales,Gelidiaceae,Gelidium,Gelidium amansii,6.0,106.0,342.0,1398.0,4921.0,9460134.0,2662801.0,Florideophyceae,Gelidium amansii,,,
2662882.0,Gelidium corneum (Huds.) J.V.Lamour.,Gelidium corneum,SPECIES,SYNONYM,98,EXACT,Plantae,Rhodophyta,Gelidiales,Gelidiaceae,Gelidium,Gelidium spinosum,6.0,106.0,342.0,1398.0,4921.0,9460134.0,2662738.0,Florideophyceae,Gelidium corneum,2662738.0,,
2662702.0,"Gelidium microdon Kützing, 1849",Gelidium microdon,SPECIES,ACCEPTED,99,EXACT,Plantae,Rhodophyta,Gelidiales,Gelidiaceae,Gelidium,Gelidium microdon,6.0,106.0,342.0,1398.0,4921.0,9460134.0,2662702.0,Florideophyceae,Gelidium microdon,,,
2662738.0,Gelidium spinosum (S.G.Gmelin) P.C.Silva,Gelidium spinosum,SPECIES,ACCEPTED,99,EXACT,Plantae,Rhodophyta,Gelidiales,Gelidiaceae,Gelidium,Gelidium spinosum,6.0,106.0,342.0,1398.0,4921.0,9460134.0,2662738.0,Florideophyceae,Gelidium spinosum,,,
2666168.0,Gigartina pistillata (S.G.Gmel.) Stackh.,Gigartina pistillata,SPECIES,ACCEPTED,99,EXACT,Plantae,Rhodophyta,Gigartinales,Gigartinaceae,Gigartina,Gigartina pistillata,6.0,106.0,342.0,1400.0,9003.0,2666110.0,2666168.0,Florideophyceae,Gigartina pistillata,,,
5278945.0,"Gracilaria bursa-pastoris (S.G.Gmelin) P.C.Silva, 1952",Gracilaria bursa-pastoris,SPECIES,ACCEPTED,99,EXACT,Plantae,Rhodophyta,Gracilariales,Gracilariaceae,Gracilaria,Gracilaria bursa-pastoris,6.0,106.0,342.0,1401.0,4944.0,2665450.0,5278945.0,Florideophyceae,Gracilaria bursa-pastoris,,,
5278820.0,Gracilaria corticata (J.Agardh) J.Agardh,Gracilaria corticata,SPECIES,ACCEPTED,99,EXACT,Plantae,Rhodophyta,Gracilariales,Gracilariaceae,Gracilaria,Gracilaria corticata,6.0,106.0,342.0,1401.0,4944.0,2665450.0,5278820.0,Florideophyceae,Gracilaria corticata,,,
5278844.0,"Gracilaria gracilis (Stackhouse) Steentoft, L.M.Irvine & Farnham",Gracilaria gracilis,SPECIES,ACCEPTED,99,EXACT,Plantae,Rhodophyta,Gracilariales,Gracilariaceae,Gracilaria,Gracilaria gracilis,6.0,106.0,342.0,1401.0,4944.0,2665450.0,5278844.0,Florideophyceae,Gracilaria gracilis,,,
5278909.0,Gracilaria multipartita (Clemente) Harvey,Gracilaria multipartita,SPECIES,ACCEPTED,99,EXACT,Plantae,Rhodophyta,Gracilariales,Gracilariaceae,Gracilaria,Gracilaria multipartita,6.0,106.0,342.0,1401.0,4944.0,2665450.0,5278909.0,Florideophyceae,Gracilaria multipartita,,,
5278964.0,Gracilaria vermiculophylla (Ohmi) Papenfuss,Gracilaria vermiculophylla,SPECIES,ACCEPTED,99,EXACT,Plantae,Rhodophyta,Gracilariales,Gracilariaceae,Gracilaria,Gracilaria vermiculophylla,6.0,106.0,342.0,1401.0,4944.0,2665450.0,5278964.0,Florideophyceae,Gracilaria vermiculophylla,,,
2665870.0,"Gracilariopsis longissima (S.G.Gmelin) M.Steentoft, L.M.Irvine & W.F.Farnham",Gracilariopsis longissima,SPECIES,SYNONYM,98,EXACT,Plantae,Rhodophyta,Gracilariales,Gracilariaceae,Gracilaria,Gracilaria longissima,6.0,106.0,342.0,1401.0,4944.0,2665450.0,5729951.0,Florideophyceae,Gracilariopsis longissima,5729951.0,,
8087963.0,"Graesiella emersonii (Shihara & R.W.Krauss) H.Nozaki, M.Katagiri, M.Nakagawa, K.Aizawa & M.M.Watanabe, 1995",Graesiella emersonii,SPECIES,ACCEPTED,99,EXACT,Plantae,Chlorophyta,Chlamydomonadales,Scotiellocystoidaceae,Graesiella,Graesiella emersonii,6.0,36.0,329.0,8223403.0,6784766.0,2638464.0,8087963.0,Chlorophyceae,Graesiella emersonii,,,
,,,,,100,NONE,,,,,,,,,,,,,,,Grateloupia proteus,,False,
2658889.0,Grateloupia turuturu Yamada,Grateloupia turuturu,SPECIES,ACCEPTED,99,EXACT,Plantae,Rhodophyta,Halymeniales,Halymeniaceae,Grateloupia,Grateloupia turuturu,6.0,106.0,342.0,1402.0,9026.0,9535936.0,2658889.0,Florideophyceae,Grateloupia turuturu,,,
5271011.0,Haematococcus lacustris (Girod-Chantrans) Rostafinski,Haematococcus lacustris,SPECIES,ACCEPTED,99,EXACT,Plantae,Chlorophyta,Volvocales,Haematococcaceae,Haematococcus,Haematococcus lacustris,6.0,36.0,329.0,632.0,4848.0,2638796.0,5271011.0,Chlorophyceae,Haematococcus lacustris,,,
5271012.0,Haematococcus pluvialis Flot.,Haematococcus pluvialis,SPECIES,SYNONYM,98,EXACT,Plantae,Chlorophyta,Volvocales,Haematococcaceae,Haematococcus,Haematococcus lacustris,6.0,36.0,329.0,632.0,4848.0,2638796.0,5271011.0,Chlorophyceae,Haematococcus pluvialis,5271011.0,,
5422716.0,Halidrys siliquosa (L.) Lyngb.,Halidrys siliquosa,SPECIES,ACCEPTED,99,EXACT,Chromista,Ochrophyta,Fucales,Sargassaceae,Halidrys,Halidrys siliquosa,4.0,98.0,7073593.0,1182.0,7733.0,8082072.0,5422716.0,Phaeophyceae,Halidrys siliquosa,,,
2658992.0,Heterosiphonia plumosa (J.Ellis) Batters,Heterosiphonia plumosa,SPECIES,ACCEPTED,99,EXACT,Plantae,Rhodophyta,Ceramiales,Dasyaceae,Heterosiphonia,Heterosiphonia plumosa,6.0,106.0,342.0,665.0,4893.0,2658984.0,2658992.0,Florideophyceae,Heterosiphonia plumosa,,,
2665377.0,Hildenbrandia rubra (Sommerfelt) Meneghini,Hildenbrandia rubra,SPECIES,ACCEPTED,99,EXACT,Plantae,Rhodophyta,Hildenbrandiales,Hildenbrandiaceae,Hildenbrandia,Hildenbrandia rubra,6.0,106.0,342.0,672.0,9028.0,2665375.0,2665377.0,Florideophyceae,Hildenbrandia rubra,,,
3197836.0,Himanthalia elongata (L.) Gray,Himanthalia elongata,SPECIES,ACCEPTED,99,EXACT,Chromista,Ochrophyta,Fucales,Himanthaliaceae,Himanthalia,Himanthalia elongata,4.0,98.0,7073593.0,1182.0,3759.0,3197835.0,3197836.0,Phaeophyceae,Himanthalia elongata,,,
2665786.0,"Hydropuntia edulis (S.G.Gmelin) Gurgel & Fredericq, 2004",Hydropuntia edulis,SPECIES,ACCEPTED,99,EXACT,Plantae,Rhodophyta,Gracilariales,Gracilariaceae,Hydropuntia,Hydropuntia edulis,6.0,106.0,342.0,1401.0,4944.0,2665779.0,2665786.0,Florideophyceae,Hydropuntia edulis,,,
9802728.0,Hypnea musciformis,Hypnea musciformis,SPECIES,ACCEPTED,98,EXACT,Plantae,Rhodophyta,Gigartinales,Cystocloniaceae,Hypnea,Hypnea musciformis,6.0,106.0,342.0,1400.0,4932.0,2668293.0,9802728.0,Florideophyceae,Hypnea musciformis,,,
5276203.0,Jania rubens (L.) J.V.Lamour.,Jania rubens,SPECIES,ACCEPTED,97,EXACT,Plantae,Rhodophyta,Corallinales,Corallinaceae,Jania,Jania rubens,6.0,106.0,342.0,670.0,4919.0,2655124.0,5276203.0,Florideophyceae,Jania rubens,,,
11806849.0,"Jaagichlorella luteoviridis (Chodat) Darienko & Pröschold, 2019",Jaagichlorella luteoviridis,SPECIES,ACCEPTED,99,EXACT,Plantae,Chlorophyta,Oocystales,Oocystaceae,Jaagichlorella,Jaagichlorella luteoviridis,6.0,36.0,332.0,1361.0,4684.0,4909179.0,11806849.0,Trebouxiophyceae,Jaagichlorella luteoviridis,,,
2666738.0,Kallymenia reniformis (Turner) J.Agardh,Kallymenia reniformis,SPECIES,ACCEPTED,99,EXACT,Plantae,Rhodophyta,Gigartinales,Kallymeniaceae,Kallymenia,Kallymenia reniformis,6.0,106.0,342.0,1400.0,4936.0,2666706.0,2666738.0,Florideophyceae,Kallymenia reniformis,,,
5422479.0,Laminaria digitata (Huds.) J.V.Lamour.,Laminaria digitata,SPECIES,ACCEPTED,99,EXACT,Chromista,Ochrophyta,Laminariales,Laminariaceae,Laminaria,Laminaria digitata,4.0,98.0,7073593.0,560.0,7740.0,3195825.0,5422479.0,Phaeophyceae,Laminaria digitata,,,
5422383.0,Laminaria hyperborea (Gunnerus) Foslie,Laminaria hyperborea,SPECIES,ACCEPTED,99,EXACT,Chromista,Ochrophyta,Laminariales,Laminariaceae,Laminaria,Laminaria hyperborea,4.0,98.0,7073593.0,560.0,7740.0,3195825.0,5422383.0,Phaeophyceae,Laminaria hyperborea,,,
5422378.0,"Laminaria ochroleuca Bachelot de la Pylaie, 1824",Laminaria ochroleuca,SPECIES,ACCEPTED,97,EXACT,Chromista,Ochrophyta,Laminariales,Laminariaceae,Laminaria,Laminaria ochroleuca,4.0,98.0,7073593.0,560.0,7740.0,3195825.0,5422378.0,Phaeophyceae,Laminaria ochroleuca,,,
,,,,,100,NONE,,,,,,,,,,,,,,,"Laminaria sp. (sp.: hyperbora, digitata)",,False,Multiple equal matches for Laminaria
10470945.0,"Laurencia viridis Gil-Rodríguez & Haroun, 1992",Laurencia viridis,SPECIES,ACCEPTED,99,EXACT,Plantae,Rhodophyta,Ceramiales,Rhodomelaceae,Laurencia,Laurencia viridis,6.0,106.0,342.0,665.0,4895.0,2660953.0,10470945.0,Florideophyceae,Laurencia viridis,,,
7627628.0,Leathesia marina (Lyngb.) Decne.,Leathesia marina,SPECIES,ACCEPTED,97,EXACT,Chromista,Ochrophyta,Ectocarpales,Chordariaceae,Leathesia,Leathesia marina,4.0,98.0,7073593.0,1181.0,7727.0,3199204.0,7627628.0,Phaeophyceae,Leathesia marina,,,
11284740.0,Limnospira indica,Limnospira indica,SPECIES,SYNONYM,98,EXACT,Bacteria,Cyanobacteria,Cyanobacteriales,Microcoleaceae,Limnospira,Limnospira fusiformis,3.0,68.0,10774316.0,10793096.0,7941427.0,10589433.0,10749950.0,Cyanobacteriia,Limnospira indica,10749950.0,,
2663537.0,Lomentaria articulata (Huds.) Lyngb.,Lomentaria articulata,SPECIES,ACCEPTED,99,EXACT,Plantae,Rhodophyta,Rhodymeniales,Lomentariaceae,Lomentaria,Lomentaria articulata,6.0,106.0,342.0,676.0,4950.0,2663521.0,2663537.0,Florideophyceae,Lomentaria articulata,,,
5422328.0,Macrocystis pyrifera (L.) C.Agardh,Macrocystis pyrifera,SPECIES,ACCEPTED,99,EXACT,Chromista,Ochrophyta,Laminariales,Laminariaceae,Macrocystis,Macrocystis pyrifera,4.0,98.0,7073593.0,560.0,7740.0,3195765.0,5422328.0,Phaeophyceae,Macrocystis pyrifera,,,
2667316.0,"Mastocarpus papillatus (C.Agardh) Kützing, 1843",Mastocarpus papillatus,SPECIES,ACCEPTED,99,EXACT,Plantae,Rhodophyta,Gigartinales,Phyllophoraceae,Mastocarpus,Mastocarpus papillatus,6.0,106.0,342.0,1400.0,4941.0,2667287.0,2667316.0,Florideophyceae,Mastocarpus papillatus,,,
2667288.0,"Mastocarpus stellatus (Stackhouse) Guiry, 1984",Mastocarpus stellatus,SPECIES,ACCEPTED,99,EXACT,Plantae,Rhodophyta,Gigartinales,Phyllophoraceae,Mastocarpus,Mastocarpus stellatus,6.0,106.0,342.0,1400.0,4941.0,2667287.0,2667288.0,Florideophyceae,Mastocarpus stellatus,,,
8920944.0,Membranoptera alata (Hudson) Stackhouse,Membranoptera alata,SPECIES,ACCEPTED,99,EXACT,Plantae,Rhodophyta,Ceramiales,Delesseriaceae,Membranoptera,Membranoptera alata,6.0,106.0,342.0,665.0,4894.0,2661462.0,8920944.0,Florideophyceae,Membranoptera alata,,,
2668282.0,Meristotheca papulosa (Montagne) J.Agardh,Meristotheca papulosa,SPECIES,ACCEPTED,99,EXACT,Plantae,Rhodophyta,Gigartinales,Solieriaceae,Meristotheca,Meristotheca papulosa,6.0,106.0,342.0,1400.0,3234991.0,2668275.0,2668282.0,Florideophyceae,Meristotheca papulosa,,,
10535892.0,"Microchloropsis M.W.Fawley, I.Jameson & K.P.Fawley, 2015",Microchloropsis,GENUS,DOUBTFUL,92,HIGHERRANK,Chromista,Ochrophyta,Eustigmatales,Monodopsidaceae,Microchloropsis,,4.0,98.0,286.0,8408718.0,1947.0,10535892.0,,Eustigmatophyceae,Microchloropsis gaditana,,,
2645215.0,Monostroma grevillei (Thur.) Wittr.,Monostroma grevillei,SPECIES,ACCEPTED,99,EXACT,Plantae,Chlorophyta,Ulvales,Monostromataceae,Monostroma,Monostroma grevillei,6.0,36.0,195.0,641.0,8826.0,9481647.0,2645215.0,Ulvophyceae,Monostroma grevillei,,,
2645228.0,Monostroma nitidum Wittr.,Monostroma nitidum,SPECIES,ACCEPTED,99,EXACT,Plantae,Chlorophyta,Ulvales,Monostromataceae,Monostroma,Monostroma nitidum,6.0,36.0,195.0,641.0,8826.0,9481647.0,2645228.0,Ulvophyceae,Monostroma nitidum,,,
3201507.0,"Nannochloropsis oculata (Droop) Hibberd, 1981",Nannochloropsis oculata,SPECIES,ACCEPTED,99,EXACT,Chromista,Ochrophyta,Eustigmatales,Monodopsidaceae,Nannochloropsis,Nannochloropsis oculata,4.0,98.0,286.0,8408718.0,1947.0,3201505.0,3201507.0,Eustigmatophyceae,Nannochloropsis oculata,,,
7658841.0,Nemalion elminthoides (Velley) Batters,Nemalion elminthoides,SPECIES,ACCEPTED,99,EXACT,Plantae,Rhodophyta,Nemaliales,Nemaliaceae,Nemalion,Nemalion elminthoides,6.0,106.0,342.0,673.0,4898093.0,2664923.0,7658841.0,Florideophyceae,Nemalion elminthoides,,,
4267628.0,Nereocystis luetkeana (K.Mertens) Postels & Ruprecht,Nereocystis luetkeana,SPECIES,ACCEPTED,99,EXACT,Chromista,Ochrophyta,Laminariales,Laminariaceae,Nereocystis,Nereocystis luetkeana,4.0,98.0,7073593.0,560.0,7740.0,3195802.0,4267628.0,Phaeophyceae,Nereocystis luetkeana,,,
5421671.0,"Odontella aurita (Lyngbye) C.Agardh, 1832",Odontella aurita,SPECIES,ACCEPTED,99,EXACT,Chromista,Ochrophyta,Triceratiales,Triceratiaceae,Odontella,Odontella aurita,4.0,98.0,7947184.0,1151.0,3306.0,3191919.0,5421671.0,Bacillariophyceae,Odontella aurita,,,
2660045.0,Odonthalia dentata (L.) Lyngb.,Odonthalia dentata,SPECIES,ACCEPTED,99,EXACT,Plantae,Rhodophyta,Ceramiales,Rhodomelaceae,Odonthalia,Odonthalia dentata,6.0,106.0,342.0,665.0,4895.0,2660042.0,2660045.0,Florideophyceae,Odonthalia dentata,,,
2659421.0,Osmundea pinnatifida (Huds.) Stackh.,Osmundea pinnatifida,SPECIES,DOUBTFUL,97,EXACT,Plantae,Rhodophyta,Ceramiales,Rhodomelaceae,Laurencia,Osmundea pinnatifida,6.0,106.0,342.0,665.0,4895.0,2660953.0,2659421.0,Florideophyceae,Osmundea pinnatifida,,,
2659435.0,Osmundea truncata (Kützing) K.W.Nam & Maggs,Osmundea truncata,SPECIES,ACCEPTED,99,EXACT,Plantae,Rhodophyta,Ceramiales,Rhodomelaceae,Osmundea,Osmundea truncata,6.0,106.0,342.0,665.0,4895.0,2659407.0,2659435.0,Florideophyceae,Osmundea truncata,,,
3200186.0,Padina pavonica (L.) Thivy,Padina pavonica,SPECIES,ACCEPTED,97,EXACT,Chromista,Ochrophyta,Dictyotales,Dictyotaceae,Padina,Padina pavonica,4.0,98.0,7073593.0,1180.0,7725.0,3200149.0,3200186.0,Phaeophyceae,Padina pavonica,,,
7843860.0,Palmaria palmata (L.) F.Weber & D.Mohr,Palmaria palmata,SPECIES,ACCEPTED,97,EXACT,Plantae,Rhodophyta,Palmariales,Palmariaceae,Palmaria,Palmaria palmata,6.0,106.0,342.0,1403.0,9030.0,7655108.0,7843860.0,Florideophyceae,Palmaria palmata,,,
7563591.0,"Parachlorella kessleri (Fott & Nováková) Krienitz, E.H.Hegewald, Hepperle, V.Huss, T.Rohr & M.Wolf, 2004",Parachlorella kessleri,SPECIES,ACCEPTED,99,EXACT,Plantae,Chlorophyta,Chlorellales,Chlorellaceae,Parachlorella,Parachlorella kessleri,6.0,36.0,332.0,1359.0,4852.0,4906878.0,7563591.0,Trebouxiophyceae,Parachlorella kessleri,,,
3196499.0,Pelvetia canaliculata (L.) Decne. & Thur.,Pelvetia canaliculata,SPECIES,ACCEPTED,99,EXACT,Chromista,Ochrophyta,Fucales,Fucaceae,Pelvetia,Pelvetia canaliculata,4.0,98.0,7073593.0,1182.0,9641.0,3196494.0,3196499.0,Phaeophyceae,Pelvetia canaliculata,,,
3197869.0,Petalonia binghamiae (J.Agardh) K.L.Vinogr.,Petalonia binghamiae,SPECIES,ACCEPTED,99,EXACT,Chromista,Ochrophyta,Scytosiphonales,Scytosiphonaceae,Petalonia,Petalonia binghamiae,4.0,98.0,7073593.0,1309.0,8501.0,3197913.0,3197869.0,Phaeophyceae,Petalonia binghamiae,,,
3197920.0,Petalonia fascia (O.F.Müll.) Kuntze,Petalonia fascia,SPECIES,ACCEPTED,98,EXACT,Chromista,Ochrophyta,Scytosiphonales,Scytosiphonaceae,Petalonia,Petalonia fascia,4.0,98.0,7073593.0,1309.0,8501.0,3197913.0,3197920.0,Phaeophyceae,Petalonia fascia,,,
7716676.0,"Phaeodactylum tricornutum Bohlin, 1897",Phaeodactylum tricornutum,SPECIES,ACCEPTED,99,EXACT,Chromista,Ochrophyta,Naviculales,Phaeodactylaceae,Phaeodactylum,Phaeodactylum tricornutum,4.0,98.0,7947184.0,7763029.0,7428022.0,7781533.0,7716676.0,Bacillariophyceae,Phaeodactylum tricornutum,,,
2654944.0,Phymatolithon calcareum (Pallas) Adey & D.L.McKibbin,Phymatolithon calcareum,SPECIES,ACCEPTED,97,EXACT,Plantae,Rhodophyta,Corallinales,Hapalidiaceae,Phymatolithon,Phymatolithon calcareum,6.0,106.0,342.0,670.0,4376199.0,2654889.0,2654944.0,Florideophyceae,Phymatolithon calcareum,,,
5278595.0,Plocamium cartilagineum (L.) P.S.Dixon,Plocamium cartilagineum,SPECIES,ACCEPTED,99,EXACT,Plantae,Rhodophyta,Plocamiales,Plocamiaceae,Plocamium,Plocamium cartilagineum,6.0,106.0,342.0,1404.0,9033.0,2664785.0,5278595.0,Florideophyceae,Plocamium cartilagineum,,,
8231752.0,Polyides rotunda (Hudson) Gaillon,Polyides rotunda,SPECIES,ACCEPTED,99,EXACT,Plantae,Rhodophyta,Gigartinales,Polyidaceae,Polyides,Polyides rotunda,6.0,106.0,342.0,1400.0,9017.0,2667629.0,8231752.0,Florideophyceae,Polyides rotunda,,,
5275663.0,"Porphyra dioica J.Brody & L.M.Irvine, 1997",Porphyra dioica,SPECIES,ACCEPTED,99,EXACT,Plantae,Rhodophyta,Bangiales,Bangiaceae,Porphyra,Porphyra dioica,6.0,106.0,198.0,1389.0,8962.0,2653483.0,5275663.0,Bangiophyceae,Porphyra dioica,,,
5275740.0,Porphyra linearis Greville,Porphyra linearis,SPECIES,ACCEPTED,99,EXACT,Plantae,Rhodophyta,Bangiales,Bangiaceae,Porphyra,Porphyra linearis,6.0,106.0,198.0,1389.0,8962.0,2653483.0,5275740.0,Bangiophyceae,Porphyra linearis,,,
5275561.0,Porphyra purpurea (Roth) C.Agardh,Porphyra purpurea,SPECIES,ACCEPTED,99,EXACT,Plantae,Rhodophyta,Bangiales,Bangiaceae,Porphyra,Porphyra purpurea,6.0,106.0,198.0,1389.0,8962.0,2653483.0,5275561.0,Bangiophyceae,Porphyra purpurea,,,
5275705.0,Porphyra umbilicalis Kütz.,Porphyra umbilicalis,SPECIES,ACCEPTED,97,EXACT,Plantae,Rhodophyta,Bangiales,Bangiaceae,Porphyra,Porphyra umbilicalis,6.0,106.0,198.0,1389.0,8962.0,2653483.0,5275705.0,Bangiophyceae,Porphyra umbilicalis,,,
3195818.0,Postelsia palmaeformis Ruprecht,Postelsia palmaeformis,SPECIES,ACCEPTED,99,EXACT,Chromista,Ochrophyta,Laminariales,Laminariaceae,Postelsia,Postelsia palmaeformis,4.0,98.0,7073593.0,560.0,7740.0,3195817.0,3195818.0,Phaeophyceae,Postelsia palmaeformis,,,
2662919.0,Pterocladiella capillacea (S.G.Gmel.) Santel. & Hommers.,Pterocladiella capillacea,SPECIES,ACCEPTED,99,EXACT,Plantae,Rhodophyta,Gelidiales,Pterocladiaceae,Pterocladiella,Pterocladiella capillacea,6.0,106.0,342.0,1398.0,4375589.0,2662910.0,2662919.0,Florideophyceae,Pterocladiella capillacea,,,
7936563.0,Pyropia leucosticta (Thuret) Neefus & J.Brodie,Pyropia leucosticta,SPECIES,SYNONYM,98,EXACT,Plantae,Rhodophyta,Bangiales,Bangiaceae,Neopyropia,Neopyropia,6.0,106.0,198.0,1389.0,8962.0,11224418.0,12238937.0,Bangiophyceae,Pyropia leucosticta,12238937.0,,
7448593.0,Pyropia perforata,Pyropia perforata,SPECIES,ACCEPTED,99,EXACT,Plantae,Rhodophyta,Bangiales,Bangiaceae,Pyropia,Pyropia perforata,6.0,106.0,198.0,1389.0,8962.0,4908866.0,7448593.0,Bangiophyceae,Pyropia perforata,,,
8304263.0,Pyropia tenera,Pyropia tenera,SPECIES,ACCEPTED,99,EXACT,Plantae,Rhodophyta,Bangiales,Bangiaceae,Pyropia,Pyropia tenera,6.0,106.0,198.0,1389.0,8962.0,4908866.0,8304263.0,Bangiophyceae,Pyropia tenera,,,
7713874.0,"Pyropia yezoensis (Ueda) M.S.Hwang & H.G.Choi, 2011",Pyropia yezoensis,SPECIES,ACCEPTED,99,EXACT,Plantae,Rhodophyta,Bangiales,Bangiaceae,Pyropia,Pyropia yezoensis,6.0,106.0,198.0,1389.0,8962.0,4908866.0,7713874.0,Bangiophyceae,Pyropia yezoensis,,,
2643576.0,Rhizoclonium riparium (Roth) Harvey,Rhizoclonium riparium,SPECIES,ACCEPTED,99,EXACT,Plantae,Chlorophyta,Cladophorales,Cladophoraceae,Rhizoclonium,Rhizoclonium riparium,6.0,36.0,195.0,1362.0,4854.0,2643575.0,2643576.0,Ulvophyceae,Rhizoclonium riparium,,,
2663303.0,Rhodymenia pseudopalmata (J.V.Lamouroux) P.C.Silva,Rhodymenia pseudopalmata,SPECIES,ACCEPTED,99,EXACT,Plantae,Rhodophyta,Rhodymeniales,Rhodymeniaceae,Rhodymenia,Rhodymenia pseudopalmata,6.0,106.0,342.0,676.0,4951.0,2663267.0,2663303.0,Florideophyceae,Rhodymenia pseudopalmata,,,
4377197.0,"Saccharina japonica (Aresch.) C.E.Lane, C.Mayes, Druehl & G.W.Saunders, 2006",Saccharina japonica,SPECIES,SYNONYM,98,EXACT,Chromista,Ochrophyta,Laminariales,Laminariaceae,Laminaria,Laminaria japonica,4.0,98.0,7073593.0,560.0,7740.0,3195825.0,5422368.0,Phaeophyceae,Saccharina japonica,5422368.0,,
4377207.0,"Saccharina latissima (L.) C.E.Lane, C.Mayes, Druehl & G.W.Saunders",Saccharina latissima,SPECIES,ACCEPTED,99,EXACT,Chromista,Ochrophyta,Laminariales,Laminariaceae,Saccharina,Saccharina latissima,4.0,98.0,7073593.0,560.0,7740.0,3195823.0,4377207.0,Phaeophyceae,Saccharina latissima,,,
4377206.0,"Saccharina longicruris (Bachelot de la Pylaie) Kuntze, 1891",Saccharina longicruris,SPECIES,ACCEPTED,99,EXACT,Chromista,Ochrophyta,Laminariales,Laminariaceae,Saccharina,Saccharina longicruris,4.0,98.0,7073593.0,560.0,7740.0,3195823.0,4377206.0,Phaeophyceae,Saccharina longicruris,,,
5422611.0,Saccorhiza polyschides (Lightf.) Batters,Saccorhiza polyschides,SPECIES,ACCEPTED,99,EXACT,Chromista,Ochrophyta,Tilopteridales,Phyllariaceae,Saccorhiza,Saccorhiza polyschides,4.0,98.0,7073593.0,593.0,7741.0,3196179.0,5422611.0,Phaeophyceae,Saccorhiza polyschides,,,
3196783.0,Sargassum aquifolium (Turner) C.Agardh,Sargassum aquifolium,SPECIES,ACCEPTED,99,EXACT,Chromista,Ochrophyta,Fucales,Sargassaceae,Sargassum,Sargassum aquifolium,4.0,98.0,7073593.0,1182.0,7733.0,3196548.0,3196783.0,Phaeophyceae,Sargassum aquifolium,,,
3196917.0,"Sargassum fusiforme (Harvey) Setchell, 1931",Sargassum fusiforme,SPECIES,ACCEPTED,99,EXACT,Chromista,Ochrophyta,Fucales,Sargassaceae,Sargassum,Sargassum fusiforme,4.0,98.0,7073593.0,1182.0,7733.0,3196548.0,3196917.0,Phaeophyceae,Sargassum fusiforme,,,
3197314.0,Sargassum muticum (Yendo) Fensholt,Sargassum muticum,SPECIES,ACCEPTED,97,EXACT,Chromista,Ochrophyta,Fucales,Sargassaceae,Sargassum,Sargassum muticum,4.0,98.0,7073593.0,1182.0,7733.0,3196548.0,3197314.0,Phaeophyceae,Sargassum muticum,,,
3197125.0,Sargassum vulgare C.Agardh,Sargassum vulgare,SPECIES,ACCEPTED,99,EXACT,Chromista,Ochrophyta,Fucales,Sargassaceae,Sargassum,Sargassum vulgare,4.0,98.0,7073593.0,1182.0,7733.0,3196548.0,3197125.0,Phaeophyceae,Sargassum vulgare,,,
7711060.0,Scenedesmus quadricauda (Turpin) Bréb.,Scenedesmus quadricauda,SPECIES,ACCEPTED,97,EXACT,Plantae,Chlorophyta,Sphaeropleales,Scenedesmaceae,Scenedesmus,Scenedesmus quadricauda,6.0,36.0,329.0,7429582.0,8795.0,2640664.0,7711060.0,Chlorophyceae,Scenedesmus quadricauda,,,
11595049.0,"Scenedesmus vacuolatus E.Kessler, Michaela Schafer, Carola Hummer, Annette Kloboucek & V.A.R.Huss, 1997",Scenedesmus vacuolatus,SPECIES,ACCEPTED,99,EXACT,Plantae,Chlorophyta,Sphaeropleales,Scenedesmaceae,Scenedesmus,Scenedesmus vacuolatus,6.0,36.0,329.0,7429582.0,8795.0,2640664.0,11595049.0,Chlorophyceae,Scenedesmus vacuolatus,,,
2665958.0,Schizymenia dubyi (Chauv. ex Duby) J.Agardh,Schizymenia dubyi,SPECIES,ACCEPTED,99,EXACT,Plantae,Rhodophyta,Nemastomatales,Schizymeniaceae,Schizymenia,Schizymenia dubyi,6.0,106.0,342.0,7804746.0,9021.0,2665949.0,2665958.0,Florideophyceae,Schizymenia dubyi,,,
5422803.0,Scytosiphon lomentaria (Lyngb.) Link,Scytosiphon lomentaria,SPECIES,ACCEPTED,99,EXACT,Chromista,Ochrophyta,Scytosiphonales,Scytosiphonaceae,Scytosiphon,Scytosiphon lomentaria,4.0,98.0,7073593.0,1309.0,8501.0,3197993.0,5422803.0,Phaeophyceae,Scytosiphon lomentaria,,,
2645337.0,Spongomorpha aeruginosa (L.) C.Hoek,Spongomorpha aeruginosa,SPECIES,ACCEPTED,99,EXACT,Plantae,Chlorophyta,Ulotrichales,Ulotrichaceae,Spongomorpha,Spongomorpha aeruginosa,6.0,36.0,195.0,1356.0,4857.0,9390708.0,2645337.0,Ulvophyceae,Spongomorpha aeruginosa,,,
10293666.0,Tetradesmus obliquus (Turpin) M.J.Wynne,Tetradesmus obliquus,SPECIES,ACCEPTED,99,EXACT,Plantae,Chlorophyta,Sphaeropleales,Scenedesmaceae,Tetradesmus,Tetradesmus obliquus,6.0,36.0,329.0,7429582.0,8795.0,2640932.0,10293666.0,Chlorophyceae,Tetradesmus obliquus,,,
2688046.0,"Tetraselmis chuii Butcher, 1959",Tetraselmis chuii,SPECIES,ACCEPTED,99,EXACT,Plantae,Chlorophyta,Chlorodendrales,Chlorodendraceae,Tetraselmis,Tetraselmis chuii,6.0,36.0,336.0,1374.0,8918.0,2688033.0,2688046.0,Prasinophyceae,Tetraselmis chuii (NFR),,,
9762244.0,Tisochrysis lutea El M.Bendif & I.Probert,Tisochrysis lutea,SPECIES,ACCEPTED,99,EXACT,Chromista,Haptophyta,Isochrysidales,Isochrysidaceae,Tisochrysis,Tisochrysis lutea,4.0,70.0,258.0,1085.0,2907.0,8378375.0,9762244.0,Prymnesiophyceae,Tisochrysis lutea,,,
11017378.0,"Treptacantha barbata (Stackh.) Orellana & Sansón, 2019",Treptacantha barbata,SPECIES,SYNONYM,98,HIGHERRANK,Chromista,Ochrophyta,Fucales,Sargassaceae,Cystoseira,Gongolaria barbata,4.0,98.0,7073593.0,1182.0,7733.0,3197616.0,12104862.0,Phaeophyceae,Treptacantha barbata (Cystoseira barbata),12104862.0,,
5273394.0,Ulva intestinalis L.,Ulva intestinalis,SPECIES,ACCEPTED,99,EXACT,Plantae,Chlorophyta,Ulvales,Ulvaceae,Ulva,Ulva intestinalis,6.0,36.0,195.0,641.0,9013.0,9408069.0,5273394.0,Ulvophyceae,Ulva intestinalis,,,
5273309.0,Ulva lactuca L.,Ulva lactuca,SPECIES,ACCEPTED,99,EXACT,Plantae,Chlorophyta,Ulvales,Ulvaceae,Ulva,Ulva lactuca,6.0,36.0,195.0,641.0,9013.0,9408069.0,5273309.0,Ulvophyceae,Ulva lactuca,,,
5273454.0,Ulva linza L.,Ulva linza,SPECIES,ACCEPTED,99,EXACT,Plantae,Chlorophyta,Ulvales,Ulvaceae,Ulva,Ulva linza,6.0,36.0,195.0,641.0,9013.0,9408069.0,5273454.0,Ulvophyceae,Ulva linza,,,
5273416.0,Ulva rigida C.Agardh,Ulva rigida,SPECIES,ACCEPTED,99,EXACT,Plantae,Chlorophyta,Ulvales,Ulvaceae,Ulva,Ulva rigida,6.0,36.0,195.0,641.0,9013.0,9408069.0,5273416.0,Ulvophyceae,Ulva rigida,,,
5422556.0,Undaria pinnatifida (Harv.) Suringar,Undaria pinnatifida,SPECIES,ACCEPTED,99,EXACT,Chromista,Ochrophyta,Laminariales,Alariaceae,Undaria,Undaria pinnatifida,4.0,98.0,7073593.0,560.0,7734.0,3196075.0,5422556.0,Phaeophyceae,Undaria pinnatifida,,,
,,,,,100,NONE,,,,,,,,,,,,,,,Undaria undarioides,,False,
2660688.0,Vertebrata lanosa (L.) T.A.Chr.,Vertebrata lanosa,SPECIES,ACCEPTED,99,EXACT,Plantae,Rhodophyta,Ceramiales,Rhodomelaceae,Vertebrata,Vertebrata lanosa,6.0,106.0,342.0,665.0,4895.0,2660342.0,2660688.0,Florideophyceae,Vertebrata lanosa,,,
